id,site_id,title,seller_id,category_id,price,original_price,currency_id,initial_quantity,accepts_mercadopago,status,shipping_local_pick_up,shipping_free_shipping,seller_address_state,seller_address_country,warranty_time,warranty_type,brand,color,depth,diameter,functions,height,is_moisture_resistant,item_condition,manufacturer,model,ram_memory,operative_system,operative_systems_compatibility,with_integrated_voice_assistants,virtual_assistants,storage_capacity,voltage,weight,width,with_360_sound,with_bluetooth,with_camera,with_digital_display,with_recyclable_materials,with_wifi_connection,with_wifi
MLA1520563158,MLA,Chromecast With Google Tv De Voz 4ª Generación 4k 8gb Snow Con 2gb De Memoria Ram,1443311053,MLA352001,161900.0,,ARS,264,True,active,False,True,Capital Federal,Argentina,12 meses,Garantía del vendedor,Google,Snow,,,,6 cm,,Nuevo,Google,Chromecast with Google TV,2 GB,Android TV,,Sí,,8 GB,,0.3 g,12 cm,,Sí,,,,,Sí
MLA1876051918,MLA,Chromecast Google Ga03131 Tv Hd 8gb 2gb Ram 60 Fps Wifi Bluetooth Hdmi 4ta Gen Blanco,680515,MLA352001,144900.0,,ARS,126,True,active,True,True,Entre Ríos,Argentina,6 meses,Garantía de fábrica,Google,Blanco,,,,,,Nuevo,,GA03131,2 GB,,,,,8 GB,,1 kg,,,,,,,,Sí
MLA1418248629,MLA,Google Chromecast 4 Generación Con Google Tv Hd Blanco,579983671,MLA352001,129999.0,,ARS,407,True,active,True,True,Capital Federal,Argentina,6 meses,Garantía del vendedor,Google,Blanco,,,,12.5 mm,,Nuevo,Google,Chromecast,2 GB,Android,,Sí,,8 GB,,112 g,61 mm,,Sí,,,,,Sí
MLA1108749509,MLA,Chromecast With Google Tv De Voz 4 Generación 4k 8gb Snow Con 2gb De Memoria Ram,207527715,MLA352001,161900.0,,ARS,38,True,active,True,True,Capital Federal,Argentina,1 años,Garantía del vendedor,Google,Blanco,,,,"0.5 """,,Nuevo,Google,Chromecast,2 GB,Android 10.0,,Sí,,8 GB,,,"2.4 """,,Sí,,,,,Sí
MLA1874224766,MLA,Google Chromecast 3 Full Hd Media Streaming Negro,44318370,MLA352001,73660.0,,ARS,387,True,active,True,True,Córdoba,Argentina,6 meses,Garantía de fábrica,Google,Negro,,,,13.8 mm,,Nuevo,Google,Chromecast,,Chrome OS,,No,,,,40 g,51.9 mm,,Sí,,,,,Sí
MLA1887937376,MLA,Google Chromecast With Google Tv Ga01919-us De Voz 4.ª Generación 4k 8gb Sky Con 2gb De Memoria Ram,1473286957,MLA352001,161000.0,,ARS,9,True,active,False,True,Capital Federal,Argentina,6 meses,Garantía del vendedor,Google,Sky,,,,6 cm,,Nuevo,Google,Chromecast with Google TV,2 GB,Android TV,,Sí,,8 GB,,0.3 g,12 cm,,Sí,,,,,Sí
MLA1848645760,MLA,Google Chromecast 3 Tercera Generación,56599171,MLA352001,77550.0,,ARS,41,True,active,True,True,Córdoba,Argentina,6 meses,Garantía del vendedor,Google,Carbón,,,,13.8 mm,,Nuevo,Google,Chromecast,,Chrome OS,,No,,,,39.1 g,51.9 mm,,Sí,,,,,Sí
MLA877404372,MLA,Google Chromecast 3 Generacion Full Hd En Caja Con Fuente,234883070,MLA352001,89999.0,,ARS,3395,True,active,True,True,Capital Federal,Argentina,6 meses,Garantía del vendedor,Google,,,,,1.4 cm,,Nuevo,,Chromecast 3rd Generation,512 MB,Chrome OS,,No,,,,0.04 kg,51.9 mm,,Sí,,,,,Sí
MLA1733685934,MLA,Chromecast Google Ga03131 Tv Hd 8gb 2gb Ram 60 Fps Wifi Bluetooth Hdmi 4ta Gen Blanco,680515,MLA352001,144900.0,,ARS,667,True,active,True,True,Entre Ríos,Argentina,6 meses,Garantía de fábrica,Google,Blanco,,,,12.5 mm,,Nuevo,Google,GA03131,2 GB,Android TV,,Sí,,8 GB,,0.063 kg,61 mm,,Sí,,,,,Sí
MLA1444532423,MLA,Google Chromecast With Google Tv Ga01919-us De Voz 4.ª Generación 4k 8gb Sunrise Con 2gb De Memoria Ram,1473286957,MLA352001,162000.0,,ARS,10,True,active,False,True,Capital Federal,Argentina,12 meses,Garantía del vendedor,Google,Sunrise,,,,6 cm,,Nuevo,Google,Chromecast with Google TV,2 GB,Android TV,,Sí,,8 GB,,0.3 g,12 cm,,Sí,,,,,Sí
MLA1443466017,MLA,Google Chromecast Ultra 4k Negro,56599171,MLA352001,172999.0,,ARS,1,True,active,False,True,Córdoba,Argentina,6 meses,Garantía del vendedor,Google,Negro,,,,0.53 cm,,Nuevo,Google,Chromecast Ultra,,Chrome OS,,Sí,,,,47 g,2.29 cm,,Sí,,,,,Sí
MLA1407145549,MLA,Google Chromecast Hd (4ta Generacion) Blanco+control,214598734,MLA352001,129999.0,,ARS,86,True,active,True,True,Capital Federal,Argentina,3 meses,Garantía de fábrica,Google,Blanco,,,,12.5 mm,,Nuevo,,GA03131,2 GB,Android TV,,Sí,,8 GB,,0.063 kg,61 mm,,Sí,,,,,Sí
MLA1324508604,MLA,Chromecast Google Ga03131 Tv Hd 8gb Blanco Control,61852079,MLA352001,114990.0,,ARS,1698,True,active,False,True,Capital Federal,Argentina,6 meses,Garantía de fábrica,Google,,,,,,,Nuevo,,GA03131,2 GB,,,,,8 GB,,0.055 kg,,,Sí,,,,,Sí
MLA1382798627,MLA,Google Chromecast Ultra 4k Negro,287054359,MLA352001,80299.0,,ARS,197,True,active,False,True,Capital Federal,Argentina,6 meses,Garantía del vendedor,Google,,,,,0.53 cm,,Reacondicionado,,Chromecast Ultra,2 GB,Chrome OS,,No,,5 GB,,47 g,2.29 cm,,,,,,,Sí
MLA1428090647,MLA,Google Chromecast 3ra Generación Streaming Hdmi Celular Color Negro Tipo De Control Remoto Negro,204818964,MLA352001,115000.0,,ARS,74,True,active,True,True,Buenos Aires,Argentina,6 meses,Garantía del vendedor,Google,Negro,,,,5 cm,,Nuevo,Google,Chromecast  3,512 MB,iOS,,,,256 MB,,1.4 g,8 cm,,Sí,,,,,Sí
MLA1143886187,MLA,Chromecast With Google Tv De Voz 4k 8gb Snow 2gb Ram,187140437,MLA352001,125999.0,,ARS,751,True,active,False,True,Buenos Aires,Argentina,12 meses,Garantía de fábrica,Google,,,,,12.5 mm,,Nuevo,,Chromecast with Google TV,2 GB,Android TV OS,,Sí,,8 GB,,0.3 g,61 mm,,Sí,,,,,Sí
MLA1506087550,MLA,Android Tv Chromecast Ga00439-br Google,32331880,MLA352001,78999.0,,ARS,72,True,active,True,True,Mendoza,Argentina,6 meses,Garantía del vendedor,Google,,,,,13.8 mm,,Nuevo,,Chromecast,,Chrome OS,,No,,,,1.4 g,51.9 mm,,Sí,,,,,Sí
MLA1324463415,MLA,Chromecast Google Ga03131 Tv Hd 8gb Blanco Control !,61852079,MLA352001,159990.0,,ARS,621,True,active,False,True,Capital Federal,Argentina,6 meses,Garantía de fábrica,Google,,,,,,,Nuevo,,GA03131,2 GB,,,,,8 GB,,0.055 kg,,,Sí,,,,,Sí
MLA1791698772,MLA,"Google Chromecast Con Google Tv (4k) - Disfruta De Películas, Programas En Vivo En 4k Hdr - Color Nieve",31831419,MLA352001,128800.0,,ARS,24,True,active,True,True,Capital Federal,Argentina,6 meses,Garantía de fábrica,Google,Nieve,,,,12.5 mm,,Nuevo,Google,Chromecast with Google TV,,Android,,Sí,,,,112 g,61 mm,,Sí,,,,,Sí
MLA1883959346,MLA,Google Chromecast 3 Full Hd Media Streaming Negro,398981638,MLA352001,69990.0,,ARS,102,True,active,False,True,Buenos Aires,Argentina,3 meses,Garantía de fábrica,Google,,,,,13.8 mm,,Nuevo,Google,Chromecast,,Chrome OS,,No,,,,40 g,51.9 mm,,Sí,,,,,Sí
MLA1428079581,MLA,Reproductor Multimedia En Streaming Chromecast 3 Full Hd Google,204818964,MLA352001,165000.0,,ARS,33,True,active,True,True,Buenos Aires,Argentina,6 meses,Garantía del vendedor,Google,Negro,,,,5 cm,,Nuevo,Google,Chromecast  3,,iOS,,,,,,40 g,8 cm,,Sí,,,,,Sí
MLA1443318419,MLA,Chromecast 2 Full Hd Wifi Transmisión De Vídeo Netflix En Color Negro,1143525801,MLA352001,64990.0,,ARS,53,True,active,False,True,Buenos Aires,Argentina,30 días,Garantía de fábrica,Google,Negro,,,,13.49 mm,,Nuevo,Google,Google Chromecast 2,512 MB,Chrome OS,,No,,,,0.13 lb,51.81 mm,,No,,,,,Sí
MLA1163509711,MLA,Convertidor A Smart Chromecast 3 De Google Full Hd 1080p,723068152,MLA352001,97589.0,,ARS,37,True,active,False,True,Córdoba,Argentina,1 meses,Garantía del vendedor,Google,,,,,13.8 mm,,Nuevo,,Chromecast,,Chrome OS,,No,,,,1.4 g,51.9 mm,,,,,,,Sí
MLA914388160,MLA,Google Chromecast 4k Android Tv Control De Voz 2gb Ram,69526727,MLA352001,119110.0,,ARS,864,True,active,False,True,Capital Federal,Argentina,12 meses,Garantía del vendedor,Google,,,,,6 cm,,Nuevo,,Chromecast with Google TV,2 GB,Android TV,,Sí,,8 GB,,0.3 g,12 cm,,Sí,,,,,Sí
MLA1416908225,MLA,Chromecast Google Tv Hd 8gb 2gb Ram 60 Fps Wifi,567813379,MLA352001,105000.0,,ARS,215,True,active,False,True,Capital Federal,Argentina,2 meses,Garantía del vendedor,Google,,,,,12.5 mm,,Nuevo,,GA03131,2 GB,Android TV,,,,8 GB,,1 kg,61 mm,,Sí,,,,,Sí
MLA1435861485,MLA,Google Chromecast 4 Generación Con Google Tv Hd Blanco,44994779,MLA352001,118500.0,,ARS,72,True,active,True,True,Buenos Aires,Argentina,12 meses,Garantía de fábrica,Google,,,,,12.5 mm,,Nuevo,,Chromecast,1.5 GB,Android,,Sí,,8 GB,,112 g,61 mm,,Sí,,,,,Sí
MLA1851104356,MLA,Google Chromecast 3 Full Hd Media Streaming Negro. Color Carbón,56599171,MLA352001,77599.0,,ARS,30,True,active,True,True,Córdoba,Argentina,6 meses,Garantía del vendedor,Google,Carbón,,,,13.8 mm,,Nuevo,Google,Chromecast,,Chrome OS,,,,,,39.1 g,51.9 mm,,Sí,,,,,Sí
MLA1501625752,MLA,Google Chromecast Con Google Tv 4k + Control Remoto,213074722,MLA352001,125888.0,,ARS,77,True,active,True,True,Córdoba,Argentina,,,Google,,,,,12.5 mm,,Nuevo,,Chromecast with Google TV,2 GB,Android TV,,,,8 GB,,63 g,61 mm,,Sí,,,,,Sí
MLA1441705115,MLA, Google Chromecast 3rd Full Hd Convierte Tv En Tv Smart Apps Color Carbón,56599171,MLA352001,97536.0,,ARS,50,True,active,True,True,Córdoba,Argentina,,Sin garantía,Google,Carbón,,,,13.8 mm,,Nuevo,Google,Chromecast,512 MB,Chrome OS,,No,,,,0.4 kg,51.9 mm,,Sí,,,,,Sí
MLA1835129114,MLA,Google Chromecast 4 Hd Ga03131 8gb 2gb + Cargador + Control,1848533798,MLA352001,106499.0,,ARS,57,True,active,False,True,Buenos Aires,Argentina,6 meses,Garantía del vendedor,Google,,,,,,,Nuevo,,GA03131,2 GB,,,,,8 GB,,1 kg,,,,,,,,Sí
MLA1870730918,MLA,Google Chromecast 4k Google Tv Streaming 4.ª Generación,1070313715,MLA352001,122900.0,,ARS,19,True,active,True,True,Capital Federal,Argentina,6 meses,Garantía del vendedor,Google,,,,,6 cm,,Nuevo,Google,Chromecast with Google TV,2 GB,Android TV,,Sí,,8 GB,,0.3 g,12 cm,,Sí,,,,,Sí
MLA1442224189,MLA,Chromecast  Google Tv 4 Generación 4k 8gb Con Cargador,255083266,MLA352001,123000.0,,ARS,15,True,active,True,True,Capital Federal,Argentina,6 meses,Garantía del vendedor,Google,,,,,"0.5 """,,Nuevo,Google,Chromecast,2 GB,Android 10.0,,Sí,,8 GB,,,"2.4 """,,Sí,,,,,Sí
MLA1181132861,MLA,Google Chromecast 3 Smart Tv Hdmi Usb ,213074722,MLA352001,69445.0,,ARS,628,True,active,True,True,Córdoba,Argentina,,,Google,,,,,13.8 mm,,Nuevo,,Chromecast,,Chrome OS,,No,,,,1.4 g,51.9 mm,,,,,,,Sí
MLA1382825071,MLA,Google Chromecast Ultra 4k Negro,512225720,MLA352001,80000.0,,ARS,163,True,active,False,True,Capital Federal,Argentina,6 meses,Garantía del vendedor,Google,,,,,0.53 cm,,Reacondicionado,,Chromecast Ultra,2 GB,Chrome OS,,,,5 GB,,47 g,2.29 cm,,,,,,,Sí
MLA1429758959,MLA,Chromecast 4ta Generación Google Tv Hd Ga03131-us ,84504653,MLA352001,132000.0,,ARS,42,True,active,True,True,Capital Federal,Argentina,30 días,Garantía del vendedor,Google,,,,,12.5 mm,,Nuevo,Google,Chromecast,1.5 GB,Android,,Sí,,8 GB,,112 g,61 mm,,Sí,,,,,Sí
MLA1860723714,MLA,Google Chromecast 3 Negro,77842811,MLA352001,86763.0,,ARS,5,True,active,False,True,Santa Fe,Argentina,,,Google,Negro,,,,13.8 mm,,Nuevo,Google,Chromecast,,Chrome OS,,No,,512 MB,,0.032 kg,51.9 mm,,Sí,,,,,Sí
MLA1441867965,MLA,Chromecast Google Tv De Voz 4ª Gen. 4k 8gb Con Transformador,255083266,MLA352001,123000.0,,ARS,15,True,active,True,True,Capital Federal,Argentina,6 meses,Garantía del vendedor,Google,,,,,6 cm,,Nuevo,Google,Chromecast with Google TV,2 GB,Android TV,,Sí,,8 GB,,0.3 g,12 cm,,Sí,,,,,Sí
MLA1324107998,MLA,Chromecast Google Ga03131 Google Tv Hd 8gb ,27850143,MLA352001,114990.0,,ARS,110,True,active,True,True,Buenos Aires,Argentina,6 meses,Garantía del vendedor,Google,,,,,,,Nuevo,,GA03131,2 GB,,,,,8 GB,,1 kg,,,,,,,,Sí
MLA1442828605,MLA,Chromecast With Google Tv De Voz 4 Generación 4k 8gb Snow Co,69526727,MLA352001,119110.0,,ARS,9,True,active,False,True,Capital Federal,Argentina,12 meses,Garantía del vendedor,Google,,,,,"0.5 """,,Nuevo,Google,Chromecast,2 GB,Android 10.0,,Sí,,8 GB,,,"2.4 """,,Sí,,,,,Sí
MLA1397345489,MLA,Google Chromecast Con Google Tv Hd 4ta Generación,276508768,MLA352001,119000.0,,ARS,159,True,active,True,True,Capital Federal,Argentina,12 meses,Garantía de fábrica,Google,,,,,12.5 mm,,Nuevo,,Chromecast,1.5 GB,Android TV,,Sí,,8 GB,,0.04 kg,61 mm,,Sí,,,,,Sí
MLA914385329,MLA,Chromecast With Google Tv Control Voz 4k 2gb Ram Hdmi Wifi,86898163,MLA352001,162000.0,,ARS,1583,True,active,False,True,Capital Federal,Argentina,12 meses,Garantía del vendedor,Google,,,,,6 cm,,Nuevo,,Chromecast with Google TV,2 GB,Android TV,,Sí,,8 GB,,0.3 g,12 cm,,Sí,,,,,Sí
MLA1422119691,MLA,Chromecast Google Tv Hd 8gb 2gb Ram 60 Fps Wifi Bluetooth Hd,439104803,MLA352001,103900.0,,ARS,69,True,active,False,True,Buenos Aires,Argentina,1 meses,Garantía del vendedor,Google,,,,,12.5 mm,,Nuevo,,GA03131,2 GB,Android TV,,Sí,,8 GB,,0.063 kg,61 mm,,Sí,,,,,Sí
MLA1824896250,MLA,Google Chromecast Tv 4 1080p Fhd Control Remoto Wifi Hdmi Color Blanco,1409236364,MLA352001,139000.0,,ARS,20,True,active,True,True,Santa Fe,Argentina,15 días,Garantía del vendedor,Google,Blanco,,,,,,Nuevo,,GOOHDMIIV,2 GB,,,,,8 GB,,0.055 kg,,,Sí,,,,,Sí
MLA1150795107,MLA,Chromecast 4 Smart Tv Netflix Googletv 4k Hdr Control Remoto,701293922,MLA352001,133999.0,,ARS,42,True,active,False,True,Capital Federal,Argentina,3 meses,Garantía del vendedor,Google,,,,,12.5 mm,,Nuevo,,Chromecast with Google TV,2 GB,Android TV OS,,Sí,,8 GB,,0.3 g,61 mm,,Sí,,,,,Sí
MLA1867531158,MLA,Google Chromecast 4 4k Ga01919 8gb 2gb + Cargador + Control,1848533798,MLA352001,122889.0,,ARS,70,True,active,False,True,Buenos Aires,Argentina,6 meses,Garantía del vendedor,Google,,,,,6 cm,,Nuevo,Google,Chromecast with Google TV,2 GB,Android TV,,Sí,,8 GB,,0.3 g,12 cm,,Sí,,,,,Sí
MLA908010138,MLA,Chromecast 4 Smart Tv Netflix Googletv 4k Hdr Control Remoto,167338436,MLA352001,126000.0,,ARS,199,True,active,True,True,Capital Federal,Argentina,6 meses,Garantía del vendedor,Google,,,,,12.5 mm,,Nuevo,,Chromecast with Google TV,2 GB,Android TV,,Sí,,8 GB,,0.3 g,61 mm,,Sí,,,,,Sí
MLA908010344,MLA, Chromecast With Google Tv  De Voz 4k 8gb  Snow  Ram De 2gb,167338436,MLA352001,157520.0,,ARS,87,True,active,True,True,Capital Federal,Argentina,6 meses,Garantía del vendedor,Google,,,,,12.5 mm,,Nuevo,,Chromecast with Google TV,2 GB,Android TV,,Sí,,8 GB,,0.3 g,61 mm,,Sí,,,,,Sí
MLA1370208899,MLA,Chromecast With Google Tv De Voz 4k 8gb Snow 2gb Ram,1250965884,MLA352001,167999.0,,ARS,52,True,active,False,True,Buenos Aires,Argentina,12 meses,Garantía de fábrica,Google,,,,,6 cm,,Nuevo,,Chromecast with Google TV,2 GB,Android TV,,Sí,,8 GB,,63 g,12 cm,,Sí,,,,,Sí
MLA1338041371,MLA,Chromecast 4° Google Tv Full Hd 8gb Blanco + Fuente 110-220v,247639927,MLA352001,185667.62,,ARS,140,True,active,False,True,Buenos Aires,Argentina,3 meses,Garantía del vendedor,Google,,,,,,,Nuevo,,GA03131,2 GB,,,,,8 GB,,,,,,,,,,Sí
MLA1430039936,MLA,Google Chromecast With Google Tv De Voz 4k Cargador Original,247639927,MLA352001,220847.81,,ARS,39,True,active,False,True,Buenos Aires,Argentina,99 días,Garantía del vendedor,Google,,,,,12.5 mm,,Nuevo,,Chromecast with Google TV,2 GB,Android TV,,,,8 GB,,,61 mm,,Sí,,,,,Sí
MLA936088119,MLA,"Google Nest Hub 2nd Gen Con Asistente Virtual Google Assistant, Pantalla Integrada De 7  Charcoal 110v/220v",482880972,MLA409415,329999,,ARS,216,True,active,False,True,Capital Federal,Argentina,3 meses,Garantía del vendedor,Google,Charcoal,69.5 mm,96.4 mm,"Reproducción de música,Control por voz,Control de dispositivos del hogar,Llamadas,Reproducción de videos,Portarretrato digital,Chromecast,Desactivar micrófono,Motion Sense,Sensor de sueño,Sensores ambientales",120.4 mm,,Nuevo,,Nest Hub 2nd Gen,,,"Android 6.0,iOS 12.0",,Google Assistant,,110V/220V,558 g,177.4 mm,No,Sí,No,Sí,No,Sí,
MLA1135971267,MLA,Google Nest Mini Nest Mini 2nd Gen Con Asistente Virtual Google Assistant Chalk 110v/220v,309453406,MLA409415,129990,,ARS,1407,True,active,False,True,Capital Federal,Argentina,6 meses,Garantía del vendedor,Google,Chalk,9 cm,98 mm,"Reproducción de música,Control por voz,Control de dispositivos del hogar,Llamadas,Chromecast,Desactivar micrófono",42 mm,Sí,Nuevo,Google,Nest Mini 2nd Gen,,,"Android 6.0,iOS 12.0",,Google Assistant,,110V/220V,181 g,"3.86 """,Sí,Sí,No,No,Sí,Sí,
MLA1384134643,MLA,Google Home Mini Versión Bulk/ Sin Caja/ Cargador Original!,247639927,MLA409415,85995,,ARS,45,True,active,False,True,Buenos Aires,Argentina,30 días,Garantía del vendedor,Google,,98 mm,,,42 mm,,Nuevo,,Home Mini,,,,,,,,,42 mm,,,,,,,
MLA930506223,MLA,Soporte Montaje Embutido Pared Google Home Hub Mountgenie,86543122,MLA409415,19900,,ARS,50,True,active,True,False,Capital Federal,Argentina,2 años,Garantía del vendedor,Google,,,,"Chromecast,Control de dispositivos del hogar,Control por voz,Desactivar micrófono,Llamadas,Portarretrato digital,Reproducción de música,Reproducción de videos",,,Nuevo,,Nest Hub,,,,,Google Assistant,,110V/220V,,,Sí,,,,Sí,Sí,
MLA1169710511,MLA,"Google Nest Hub 2nd Gen Con Asistente Virtual Google Assistant, Pantalla Integrada De 7  Chalk 110v/220v",582488493,MLA409415,328052,,ARS,88,True,active,False,True,Capital Federal,Argentina,6 meses,Garantía del vendedor,Google,Chalk,69.5 mm,96.4 mm,"Reproducción de música,Control por voz,Control de dispositivos del hogar,Llamadas,Reproducción de videos,Portarretrato digital,Chromecast,Desactivar micrófono,Motion Sense,Sensor de sueño,Sensores ambientales",120.4 mm,,Nuevo,,Nest Hub 2nd Gen,,,"Android 6.0,iOS 12.0",,Google Assistant,,110V/220V,558 g,177.4 mm,No,Sí,No,Sí,No,Sí,
MLA1146279904,MLA,Google Home Mini Con Asistente Virtual Google Assistant Coral 110v/220v,309453406,MLA409415,79990,,ARS,300,True,active,False,True,Capital Federal,Argentina,6 meses,Garantía del vendedor,Google,Coral,,98 mm,"Reproducción de música,Control por voz,Control de dispositivos del hogar,Llamadas,Desactivar micrófono",42 mm,No,Nuevo,Google,Home Mini,,,"Android 6.0,iOS 12.0",,Google Assistant,,110V/220V,173 g,,No,Sí,No,No,No,Sí,
MLA915561586,MLA,Google Home Mini Con Asistente Virtual Google Assistant Charcoal 110v/220v,119914491,MLA409415,72990,,ARS,1476,True,active,False,True,Capital Federal,Argentina,6 meses,Garantía del vendedor,Google,Charcoal,98 mm,98 mm,"Reproducción de música,Control por voz,Control de dispositivos del hogar,Llamadas,Desactivar micrófono",42 mm,No,Nuevo,Google,Home Mini,,,"Android 6.0,iOS 12.0",,Google Assistant,,110V/220V,173 g,42 mm,No,Sí,No,No,No,Sí,
MLA1683844336,MLA,Google Home Max Con Asistente Virtual Google Assistant Chalk 100v/240v,1340767106,MLA409415,814644,,ARS,1,True,active,False,True,Capital Federal,Argentina,6 meses,Garantía del vendedor,Google,Chalk,"6 """,,"Reproducción de música,Control por voz,Control de dispositivos del hogar,Desactivar micrófono,Chromecast,Llamadas","7 """,,Nuevo,,Home Max,,,"Android 5.0,iOS 9.0",,Google Assistant,,100V/240V,11.7 lb,"13 """,,Sí,No,,,Sí,
MLA916372672,MLA,Google Home Hub Pantalla 7 Nest 2da Gen Asistente Virtual ,245645298,MLA409415,368000,,ARS,41,True,active,False,True,Capital Federal,Argentina,3 meses,Garantía de fábrica,Google,,69.5 mm,96.4 mm,"Reproducción de música,Control por voz,Control de dispositivos del hogar,Llamadas,Reproducción de videos,Portarretrato digital,Chromecast,Desactivar micrófono,Motion Sense,Sensor de sueño,Sensores ambientales",120.4 mm,,Nuevo,,Nest Hub 2nd Gen,,,"Android 6.0,iOS 12.0",,Google Assistant,,110V/220V,558 g,177.4 mm,,Sí,No,Sí,,Sí,
MLA1400539531,MLA,Google Home Mini Asistente Virtual Google Assistant Ref,284824585,MLA409415,64990,,ARS,3,True,active,False,True,Capital Federal,Argentina,3 meses,Garantía del vendedor,Google,,,98 mm,"Control de dispositivos del hogar,Control por voz,Desactivar micrófono,Llamadas,Reproducción de música",42 mm,No,Reacondicionado,,Home Mini,,,"Android 6.0,iOS 12.0",,Google Assistant,,110V/220V,173 g,,No,Sí,No,No,No,Sí,
MLA1597677282,MLA,Parlante Google Home Mini Asistente Virtual Wifi Refabricado,284824585,MLA409415,89990,,ARS,999,True,active,False,True,Capital Federal,Argentina,3 meses,Garantía del vendedor,Google,,98 mm,98 mm,"Control de dispositivos del hogar,Control por voz,Desactivar micrófono,Llamadas,Reproducción de música",42 mm,No,Reacondicionado,,Home Mini,,,"Android 6.0,iOS 12.0",,Google Assistant,,110V/220V,173 g,42 mm,No,Sí,No,No,No,Sí,
MLA1398793543,MLA,Google Home Mini Con Asistente Virtual Google Assistant Ref,284824585,MLA409415,69990,,ARS,999,True,active,False,True,Capital Federal,Argentina,3 meses,Garantía del vendedor,Google,,98 mm,98 mm,"Control de dispositivos del hogar,Control por voz,Desactivar micrófono,Llamadas,Reproducción de música",42 mm,No,Reacondicionado,,Home Mini,,,"Android 6.0,iOS 12.0",,Google Assistant,,110V/220V,173 g,42 mm,No,Sí,No,No,No,Sí,
MLA1400506527,MLA,Google Home Mini Multi-room Google Assistant Refabricado,284824585,MLA409415,84990,,ARS,1,True,active,False,True,Capital Federal,Argentina,3 meses,Garantía del vendedor,Google,,,98 mm,"Control de dispositivos del hogar,Control por voz,Desactivar micrófono,Llamadas,Reproducción de música",42 mm,No,Reacondicionado,,Home Mini,,,"Android 6.0,iOS 12.0",,Google Assistant,,110V/220V,173 g,,No,Sí,No,No,No,Sí,
MLA1398832615,MLA,Google Home Mini Con Asistente Virtual Bluetooth Ref,284824585,MLA409415,89990,,ARS,999,True,active,False,True,Capital Federal,Argentina,3 meses,Garantía del vendedor,Google,,98 mm,98 mm,"Control de dispositivos del hogar,Control por voz,Desactivar micrófono,Llamadas,Reproducción de música",42 mm,No,Reacondicionado,,Home Mini,,,"Android 6.0,iOS 12.0",,Google Assistant,,110V/220V,173 g,42 mm,No,Sí,No,No,No,Sí,
MLA1597457958,MLA,Google Home Mini Con Asistente Virtual  Charcoal Refabricado,309453406,MLA409415,69990,,ARS,999,True,active,False,True,Capital Federal,Argentina,3 meses,Garantía del vendedor,Google,,98 mm,98 mm,"Control de dispositivos del hogar,Control por voz,Desactivar micrófono,Llamadas,Reproducción de música",42 mm,No,Reacondicionado,,Home Mini,,,"Android 6.0,iOS 12.0",,Google Assistant,,110V/220V,173 g,42 mm,No,Sí,No,No,No,Sí,
MLA1125948601,MLA,Combo Google Home Mini + Chromecast 2 Ga00379-us,309453406,MLA409415,129990,,ARS,1133,True,active,False,True,Capital Federal,Argentina,6 meses,Garantía del vendedor,Google,,,98 mm,"Control de dispositivos del hogar,Control por voz,Desactivar micrófono,Llamadas,Reproducción de música",42 mm,,Nuevo,,Home Mini,,,"Android 6.0,iOS 12.0",,Google Assistant,,110V/220V,173 g,,,Sí,No,,,Sí,
MLA1597677286,MLA,Speaker Google Home Mini Con Asistente Virtual  Refabricado,309453406,MLA409415,89990,,ARS,999,True,active,False,True,Capital Federal,Argentina,3 meses,Garantía del vendedor,Google,,98 mm,98 mm,"Control de dispositivos del hogar,Control por voz,Desactivar micrófono,Llamadas,Reproducción de música",42 mm,No,Reacondicionado,,Home Mini,,,"Android 6.0,iOS 12.0",,Google Assistant,,110V/220V,173 g,42 mm,No,Sí,No,No,No,Sí,
MLA1398845395,MLA,Google Home Mini Con Asistente Virtual Chalk 110v/220v Ref,309453406,MLA409415,55990,,ARS,999,True,active,False,True,Capital Federal,Argentina,3 meses,Garantía del vendedor,Google,,98 mm,98 mm,"Control de dispositivos del hogar,Control por voz,Desactivar micrófono,Llamadas,Reproducción de música",42 mm,No,Reacondicionado,,Home Mini,,,"Android 6.0,iOS 12.0",,Google Assistant,,110V/220V,173 g,42 mm,No,Sí,No,No,No,Sí,
MLA1398767505,MLA,Google Home Mini Con Asistente Virtual Multi-room Ref,309453406,MLA409415,99990,,ARS,999,True,active,False,True,Capital Federal,Argentina,3 meses,Garantía del vendedor,Google,,98 mm,98 mm,"Control de dispositivos del hogar,Control por voz,Desactivar micrófono,Llamadas,Reproducción de música",42 mm,No,Reacondicionado,,Home Mini,,,"Android 6.0,iOS 12.0",,Google Assistant,,110V/220V,173 g,42 mm,No,Sí,No,No,No,Sí,
MLA1154268993,MLA,Combo Google Home Mini + Chromecast 2 Asistente Virtuales,309453406,MLA409415,199990,,ARS,1002,True,active,False,True,Capital Federal,Argentina,3 meses,Garantía del vendedor,Google,,,98 mm,"Control de dispositivos del hogar,Control por voz,Desactivar micrófono,Llamadas,Reproducción de música",42 mm,,Nuevo,,Home Mini,,,"Android 6.0,iOS 12.0",,Google Assistant,,110V/220V,173 g,,,Sí,No,,,Sí,
MLA833417329,MLA,Google Home Mini Asistente Virtual Parlante Original Español,325303103,MLA409415,112200,,ARS,1,True,active,True,True,Santa Fe,Argentina,30 días,Garantía del vendedor,Google,,,,Comando por voz,,,Nuevo,,Home Mini,,,,,Google Assistant,,,,,No,No,,,No,Sí,
MLA912014012,MLA,Soporte De Pared Google Mini Home / Nest Mini 2da Generacion,64130989,MLA409415,4999,,ARS,61,True,active,False,False,Córdoba,Argentina,30 días,Garantía del vendedor,Google,,9 cm,98 mm,"Reproducción de música,Control por voz,Llamadas",42 mm,Sí,Nuevo,,Nest Mini 2nd Gen,,,"Android 6.0,iOS 12.0",,Google Assistant,,110V/220V,181 g,9 cm,Sí,Sí,No,No,Sí,Sí,
MLA1616758962,MLA,Google Home Asistente Virtual Google Assistant Refabricado,119914491,MLA409415,119990,,ARS,35,True,active,False,True,Capital Federal,Argentina,3 meses,Garantía del vendedor,Google,,,96.4 mm,"Control de dispositivos del hogar,Control por voz,Llamadas,Reproducción de música",142.8 mm,,Reacondicionado,,Home,,,"Android 6.0,iOS 12.0",,Google Assistant,,110V/220V,477 g,10 mm,,Sí,No,,,Sí,
MLA1110314122,MLA,Soporte Pared 45º Google Home Hub Base 138x60mm Nextsale,738783679,MLA409415,9612,,ARS,25999,True,active,True,False,Buenos Aires,Argentina,30 días,Garantía de fábrica,Google,,,96.4 mm,"Control por voz,Llamadas,Reproducción de música",142.8 mm,,Nuevo,,Home Hub,,,,,Google Assistant,,,477 g,,,Sí,,,,Sí,
MLA1398755255,MLA,Google Home Mini Google Assistant Chalk 110v/220v Ref,119914491,MLA409415,55990,,ARS,999,True,active,False,True,Capital Federal,Argentina,3 meses,Garantía del vendedor,Google,,98 mm,98 mm,"Control de dispositivos del hogar,Control por voz,Desactivar micrófono,Llamadas,Reproducción de música",42 mm,No,Reacondicionado,,Home Mini,,,"Android 6.0,iOS 12.0",,Google Assistant,,110V/220V,173 g,42 mm,No,Sí,No,No,No,Sí,
MLA1110377590,MLA,Soporte De Pared Google Mini Home / Nest Mini 2da Generacion,738783679,MLA409415,9612,,ARS,39005,True,active,True,False,Buenos Aires,Argentina,30 días,Garantía de fábrica,Google,,,98 mm,"Control por voz,Llamadas,Reproducción de música",42 mm,,Nuevo,,Nest Mini 2nd Gen,,,"Android 6.0,iOS 12.0",,Google Assistant,,110V/220V,181 g,,,Sí,,,,Sí,
MLA1597574484,MLA,Parlante Google Home Mini Asistente Virtual Refabricado,284824585,MLA409415,69990,,ARS,1002,True,active,False,True,Capital Federal,Argentina,3 meses,Garantía del vendedor,Google,,98 mm,98 mm,"Control de dispositivos del hogar,Control por voz,Desactivar micrófono,Llamadas,Reproducción de música",42 mm,No,Reacondicionado,,Home Mini,,,"Android 6.0,iOS 12.0",,Google Assistant,,110V/220V,173 g,42 mm,No,Sí,No,No,No,Sí,
MLA1125935779,MLA,Google Home Mini + Chromecast 2nd Generation Netflix Spotify,119914491,MLA409415,129490,,ARS,1047,True,active,False,True,Capital Federal,Argentina,6 meses,Garantía del vendedor,Google,,,98 mm,"Control de dispositivos del hogar,Control por voz,Desactivar micrófono,Llamadas,Reproducción de música",42 mm,,Nuevo,,Home Mini,,,"Android 6.0,iOS 12.0",,Google Assistant,,110V/220V,173 g,,,Sí,No,,,Sí,
MLA1597677284,MLA,Parlante Google Home Mini Google Assistant Wifi Refabricado,119914491,MLA409415,79990,,ARS,999,True,active,False,True,Capital Federal,Argentina,3 meses,Garantía del vendedor,Google,,98 mm,98 mm,"Control de dispositivos del hogar,Control por voz,Desactivar micrófono,Llamadas,Reproducción de música",42 mm,No,Reacondicionado,,Home Mini,,,"Android 6.0,iOS 12.0",,Google Assistant,,110V/220V,173 g,42 mm,No,Sí,No,No,No,Sí,
MLA1616759000,MLA,Google Home Google Assistant Asistente Virtual Refabricado,119914491,MLA409415,154990,,ARS,1,True,active,False,True,Capital Federal,Argentina,3 meses,Garantía del vendedor,Google,,,96.4 mm,"Control de dispositivos del hogar,Control por voz,Llamadas,Reproducción de música",142.8 mm,,Reacondicionado,,Home,,,"Android 6.0,iOS 12.0",,Google Assistant,,110V/220V,477 g,10 mm,,Sí,No,,,Sí,
MLA1693634994,MLA,Google Home Hub Pantalla Hd 7  Wi-fi Bluetooth Sensor De Luz,119914491,MLA409415,339990,,ARS,1,True,active,False,True,Capital Federal,Argentina,3 meses,Garantía del vendedor,Google,,,,,,No,Reacondicionado,,Home Hub,,,Android,,,,110V,,,,Sí,No,Sí,,Sí,
MLA1398845475,MLA,Google Home Mini Google Assistant Chalk  9 W Ref,119914491,MLA409415,71990,,ARS,999,True,active,False,True,Capital Federal,Argentina,3 meses,Garantía del vendedor,Google,,98 mm,98 mm,"Control de dispositivos del hogar,Control por voz,Desactivar micrófono,Llamadas,Reproducción de música",42 mm,No,Reacondicionado,,Home Mini,,,"Android 6.0,iOS 12.0",,Google Assistant,,110V/220V,173 g,42 mm,No,Sí,No,No,No,Sí,
MLA1597470910,MLA,Google Home Mini Con Google Assistant Negro Reacondicionado,119914491,MLA409415,69990,,ARS,999,True,active,False,True,Capital Federal,Argentina,3 meses,Garantía del vendedor,Google,,98 mm,98 mm,"Control de dispositivos del hogar,Control por voz,Desactivar micrófono,Llamadas,Reproducción de música",42 mm,No,Reacondicionado,,Home Mini,,,"Android 6.0,iOS 12.0",,Google Assistant,,110V/220V,173 g,42 mm,No,Sí,No,No,No,Sí,
MLA1412976451,MLA,Google Home Hub Control Por Voz Pantalla Hd 7  Blanco/gris,119914491,MLA409415,269990,,ARS,1,True,active,False,True,Capital Federal,Argentina,3 meses,Garantía del vendedor,Google,,,,,,,Reacondicionado,,Home Hub,,,,,,,,,,,,,,,Sí,
MLA1432622907,MLA,Google Home Mini Google Assistant Coral 110v/220v Usado,284824585,MLA409415,49990,,ARS,999,True,active,False,True,Capital Federal,Argentina,3 meses,Garantía del vendedor,Google,,,98 mm,"Control de dispositivos del hogar,Control por voz,Desactivar micrófono,Llamadas,Reproducción de música",42 mm,No,Usado,,Home Mini,,,"Android 6.0,iOS 12.0",,Google Assistant,,110V/220V,173 g,,No,Sí,No,No,No,Sí,
MLA1400435271,MLA,Google Home Asistente Virtual Google Assistant White Y Slate,156793285,MLA409415,210000,,ARS,1,True,active,False,True,Buenos Aires,Argentina,,Sin garantía,Google,,,96.4 mm,"Control de dispositivos del hogar,Control por voz,Llamadas,Reproducción de música",142.8 mm,,Usado,,Home,,,"Android 6.0,iOS 12.0",,Google Assistant,,110V/220V,477 g,10 mm,,Sí,No,,,Sí,
MLA1839122858,MLA,Google Home Max,44507882,MLA409415,540000,,ARS,1,True,active,False,False,Capital Federal,Argentina,,Sin garantía,Google,,10.59 cm,106.12 mm,"Router,Sistema Wi-Fi mesh",68.75 mm,,Usado,,HUB MAX,,,,,Google Assistant,,110V/220V,340 g,10.59 cm,,,,,,Sí,
MLA1839097142,MLA,Google Home Nest,44507882,MLA409415,300000,,ARS,1,True,active,False,False,Capital Federal,Argentina,,Sin garantía,Google,,69.5 mm,96.4 mm,"Chromecast,Control de dispositivos del hogar,Control por voz,Desactivar micrófono,Llamadas,Motion Sense,Portarretrato digital,Reproducción de música,Reproducción de videos,Sensor de sueño,Sensores ambientales",120.4 mm,,Usado,,Nest Hub 2nd Gen,,,"Android 6.0,iOS 12.0",,Google Assistant,,110V/220V,558 g,177.4 mm,No,Sí,No,Sí,No,Sí,
MLA1443012353,MLA,"Google Home Hub Google ,pantall  7  Sand 110v/220v",95676767,MLA409415,250000,,ARS,1,True,active,False,True,La Rioja,Argentina,,Sin garantía,Google,,67.3 mm,96.4 mm,"Chromecast,Control de dispositivos del hogar,Control por voz,Desactivar micrófono,Llamadas,Portarretrato digital,Reproducción de música,Reproducción de videos",118 mm,No,Usado,,Nest Hub,,,"Android 6.0,iOS 12.0",,Google Assistant,,110V/220V,480 g,178.5 mm,Sí,Sí,No,Sí,No,Sí,
MLA1364551668,MLA,Parlante Inteligente Google Home Mini  Youtube Usado Gris,284824585,MLA409415,69990,,ARS,5,True,active,False,False,Capital Federal,Argentina,3 meses,Garantía del vendedor,Google,,,98 mm,"Control de dispositivos del hogar,Control por voz,Desactivar micrófono,Llamadas,Reproducción de música",42 mm,No,Usado,,Home Mini,,,"Android 6.0,iOS 12.0",,Google Assistant,,110V/220V,173 g,,No,Sí,No,No,No,Sí,
MLA1432597373,MLA,Usado Google Home Mini Google Assistant Coral 110v/220v,284824585,MLA409415,64990,,ARS,999,True,active,False,True,Capital Federal,Argentina,3 meses,Garantía del vendedor,Google,,,98 mm,"Control de dispositivos del hogar,Control por voz,Desactivar micrófono,Llamadas,Reproducción de música",42 mm,No,Usado,,Home Mini,,,"Android 6.0,iOS 12.0",,Google Assistant,,110V/220V,173 g,,No,Sí,No,No,No,Sí,
MLA1422239063,MLA,Google Home Mini Con Asistente Virtual ,484529825,MLA409415,64999,,ARS,2,True,active,False,True,Buenos Aires,Argentina,30 días,Garantía del vendedor,Google,,98 mm,98 mm,"Control de dispositivos del hogar,Control por voz,Desactivar micrófono,Llamadas,Reproducción de música",42 mm,No,Usado,,Home Mini,,,"Android 6.0,iOS 12.0",,Google Assistant,,110V/220V,173 g,42 mm,No,Sí,No,No,No,Sí,
MLA1361528507,MLA,Parlante Inteligente Google Home Mini Smart Speaker Gris Yt,309453406,MLA409415,69990,,ARS,4,True,active,False,False,Capital Federal,Argentina,3 meses,Garantía del vendedor,Google,,,98 mm,"Control de dispositivos del hogar,Control por voz,Desactivar micrófono,Llamadas,Reproducción de música",42 mm,No,Usado,,Home Mini,,,"Android 6.0,iOS 12.0",,Google Assistant,,110V/220V,173 g,,No,Sí,No,No,No,Sí,
MLA1641133866,MLA,Google Home Mini Asistente Virtual Google Assistant Charcoal,778112200,MLA409415,50000,,ARS,4,True,active,False,False,Buenos Aires,Argentina,,Sin garantía,Google,,98 mm,98 mm,"Control de dispositivos del hogar,Control por voz,Desactivar micrófono,Llamadas,Reproducción de música",42 mm,No,Usado,,Home Mini,,,"Android 6.0,iOS 12.0",,Google Assistant,,110V/220V,173 g,42 mm,No,Sí,No,No,No,Sí,
MLA1854015610,MLA,Google Home Mini Con Google Assistant,1049472925,MLA409415,55000,,ARS,1,True,active,False,False,Buenos Aires,Argentina,,Sin garantía,Google,,98 mm,98 mm,"Control de dispositivos del hogar,Control por voz,Desactivar micrófono,Llamadas,Reproducción de música",42 mm,No,Usado,,Home Mini,,,"Android 6.0,iOS 12.0",,Google Assistant,,110V/220V,173 g,42 mm,No,Sí,No,No,No,Sí,
MLA1820484428,MLA,Google Home Mini Con Asistente Virtual Charcoal 110v/220v,5971698,MLA409415,89999,,ARS,1,True,active,False,False,Capital Federal,Argentina,,Sin garantía,Google,,98 mm,98 mm,"Control de dispositivos del hogar,Control por voz,Desactivar micrófono,Llamadas,Reproducción de música",42 mm,No,Usado,,Home Mini,,,"Android 6.0,iOS 12.0",,Google Assistant,,110V/220V,173 g,42 mm,No,Sí,No,No,No,Sí,
MLA1437520249,MLA,Google Home Mini Con Asistente Virtual Color Negro,1347881976,MLA409415,159999,,ARS,1,True,active,False,False,Capital Federal,Argentina,,Sin garantía,Google,,98 mm,98 mm,"Control de dispositivos del hogar,Control por voz,Desactivar micrófono,Llamadas,Reproducción de música",42 mm,No,Usado,,Home Mini,,,"Android 6.0,iOS 12.0",,Google Assistant,,110V/220V,173 g,42 mm,No,Sí,No,No,No,Sí,
MLA1416430677,MLA,Google Home Mini Original!! Google Assistant ,80964507,MLA409415,61000,,ARS,1,True,active,False,True,Santa Fe,Argentina,,Sin garantía,Google,,98 mm,98 mm,"Control de dispositivos del hogar,Control por voz,Desactivar micrófono,Llamadas,Reproducción de música",42 mm,No,Usado,,Home Mini,,,"Android 6.0,iOS 12.0",,Google Assistant,,110V/220V,173 g,42 mm,,Sí,No,No,,Sí,
MLA1414041489,MLA,Google Home Mini,165067922,MLA409415,60000,,ARS,1,True,active,False,False,Formosa,Argentina,,Sin garantía,Google,,,98 mm,"Reproducción de música,Control por voz,Control de dispositivos del hogar,Llamadas,Desactivar micrófono",42 mm,No,Usado,,Home Mini,,,"Android 6.0,iOS 12.0",,Google Assistant,,110V/220V,173 g,,No,Sí,No,No,No,Sí,
MLA1618186704,MLA, Apple Tv 4k (wifi + Ethernet) A2843 De Voz 3.ª Generación 2022 4k 128gb Negro - Distribuidor Autorizado,553476757,MLA352001,468999.0,,ARS,17,True,active,False,True,Buenos Aires,Argentina,1 años,Garantía de fábrica,Apple,Negro,,,,3.1 cm,,Nuevo,,Apple TV 4K (WiFi + Ethernet),,,,,,128 GB,,,9.3 cm,,Sí,,,,,Sí
MLA1618186640,MLA, Apple Tv 4k (wifi + Ethernet) A2843 De Voz 3.ª Generación 2022 4k 128gb Negro,208137579,MLA352001,550999.0,,ARS,8,True,active,False,True,Buenos Aires,Argentina,1 años,Garantía de fábrica,Apple,Negro,,,,3.1 cm,,Nuevo,,Apple TV 4K (WiFi + Ethernet),,,,,,128 GB,,,9.3 cm,,Sí,,,,,Sí
MLA1424707689,MLA,Apple Tv 4k 32gb 1st Gen Netflix Hbo Prime Video Disney+,284824585,MLA352001,309999.0,,ARS,6,True,active,False,True,Capital Federal,Argentina,3 meses,Garantía del vendedor,Apple,,,,,35 mm,,Nuevo,,Apple TV 4K,,iOS,,,,32 GB,,425 g,98 mm,,Sí,,,,,Sí
MLA1539557184,MLA, Apple Tv 4k (wifi) A2737 3.ª Generación 2022 4k 64gb Color Negro Tipo De Control Remoto Control De Voz,1340767106,MLA352001,446400.0,,ARS,4,True,active,False,True,Capital Federal,Argentina,6 meses,Garantía del vendedor,Apple,Negro,,,,31 mm,,Nuevo,,Apple TV 4K (WiFi),,,,,,64 GB,,,93 mm,,Sí,,,,,Sí
MLA1420959285,MLA,Apple Tv 4k 32gb Negro 1.ª Generación 2017,284824585,MLA352001,299990.0,,ARS,10,True,active,False,True,Capital Federal,Argentina,3 meses,Garantía del vendedor,Apple,Negro,,,,35 mm,,Nuevo,,Apple TV 4K,,iOS,,,,32 GB,,425 g,98 mm,,Sí,,,,,Sí
MLA1424655863,MLA,Apple Tv 4k 32 Gb,284824585,MLA352001,249999.0,,ARS,4,True,active,False,True,Capital Federal,Argentina,3 meses,Garantía del vendedor,Apple,Negro,,,,35 mm,,Nuevo,,Apple TV 4K,,,,,,32 GB,,,98 mm,,Sí,,,,,Sí
MLA1594852796,MLA, Apple Tv 4k A2169 De Voz 2.ª Generación 2021 4k 64gb Negro,244022676,MLA352001,22222222.0,,ARS,1,True,active,False,True,Capital Federal,Argentina,1 meses,Garantía del vendedor,Apple,Negro,,,,3.5 cm,,Nuevo,,Apple TV 4K,,Apple,,,,64 GB,,,9.8 cm,,Sí,,,,,Sí
MLA1426291701,MLA,Apple Tv 4k 64gb Modelo A2169. Soporte Y Funda De Regalo,44820200,MLA352001,567000.0,,ARS,1,True,active,True,True,Capital Federal,Argentina,12 meses,Garantía de fábrica,Apple,,,,,3.1 cm,,Nuevo,,Apple TV 4K (WiFi + Ethernet),64 GB,,,Sí,,3 GB,,,9.3 cm,,Sí,,,,,Sí
MLA1453365954,MLA, Apple Tv 4k A2169 De Voz 2.ª Generación 2021 4k 32gb Negro,173426652,MLA352001,699997.0,,ARS,7,True,active,False,True,Buenos Aires,Argentina,6 meses,Garantía del vendedor,Apple,Negro,,,,3.5 cm,,Nuevo,,Apple TV 4K,,,,,,32 GB,,,9.8 cm,,Sí,,,,,Sí
MLA1881858674,MLA,Apple Tv 4k Wi-fi Con 64 Gb 3.ª Generación 2022 Negro A2737,1053456390,MLA352001,439999.0,,ARS,1,True,active,False,True,Santa Fe,Argentina,,Sin garantía,Apple,,,,,31 mm,,Nuevo,,Apple TV 4K (WiFi),,,,,,64 GB,,,93 mm,,Sí,,,,,Sí
MLA1361163774,MLA, Apple Tv 4k (wifi + Ethernet) 3.ª Generación 2022 128gb,1017136269,MLA352001,601899.0,,ARS,3,True,active,True,True,Buenos Aires,Argentina,12 meses,Garantía de fábrica,Apple,,,,,3.1 cm,,Nuevo,,Apple TV 4K (WiFi + Ethernet),,,,,,128 GB,,,9.3 cm,,Sí,,,,,Sí
MLA1806378888,MLA, Apple Tv 4k A2169 64gb 2021 Ethernet Thread - Segunda Gen.,7195201,MLA352001,549999.99,,ARS,1,True,active,False,True,Capital Federal,Argentina,3 meses,Garantía del vendedor,Apple,,,,,3.5 cm,,Nuevo,,Apple TV 4K,3 GB,Apple,,Sí,,64 GB,,,9.8 cm,,Sí,,,,,Sí
MLA1719499042,MLA,Streaming Apple Tv Fhd 32gb 2nd Gen 2021 Black Mhy93ll/a ,119914491,MLA352001,329990.0,,ARS,999,True,active,False,True,Capital Federal,Argentina,3 meses,Garantía del vendedor,Apple,,,,,35 mm,,Nuevo,,Apple TV 4K,,,,,,32 GB,,,98 mm,,Sí,,,,,Sí
MLA1126396127,MLA,Apple Tv 4k 64gb Negro 1.ª Generación 2017 - Distribuidor Autorizado,169311474,MLA352001,533900.0,,ARS,3,True,active,False,True,Buenos Aires,Argentina,12 meses,Garantía de fábrica,Apple,Negro,,,,35 mm,,Nuevo,,Apple TV 4K,4 GB,iOS,,,,64 GB,,425 g,98 mm,,Sí,,,,,Sí
MLA1417741441,MLA,Apple Tv Fhd 32gb 2nd Gen 2021 Black Mhy93ll/a,119914491,MLA352001,599990.0,,ARS,1000,True,active,False,True,Capital Federal,Argentina,3 meses,Garantía del vendedor,Apple,,,,,136 mm,,Nuevo,,MHY93LL/A,,,,,,32 GB,,63 g,35 mm,,Sí,,,,,Sí
MLA1444314171,MLA,Apple Tv 4k (wifi + Ethernet) De Voz 3.ª Gener 4k  Negro,54265739,MLA352001,432000.0,,ARS,1,True,active,True,True,Buenos Aires,Argentina,12 meses,Garantía de fábrica,Apple,,,,,3.1 cm,,Nuevo,,Apple TV 4K (WiFi + Ethernet),,,,,,128 GB,,,9.3 cm,,Sí,,,,,Sí
MLA1444271731,MLA,Apple Tv A1427 2da Generación,378734872,MLA352001,35000.0,,ARS,2,True,active,True,False,Capital Federal,Argentina,,Sin garantía,Apple,,,,,"0.9 """,,Usado,,Apple TV,256 MB,,,,,8 GB,,,"3.9 """,,Sí,,,,,Sí
MLA1442123511,MLA,Apple Tv Hd A1625 4.ª Generación Full Hd 32gb Negro,10053029,MLA352001,160000.0,,ARS,1,True,active,False,False,Buenos Aires,Argentina,,Sin garantía,Apple,,,,,35 mm,,Usado,,Apple TV HD,2 GB,tvOS,,,,32 GB,,425 g,98 mm,,Sí,,,,,Sí
MLA1877356464,MLA,Apple Tv 2 3.ª Gen. Full Hd 1gb Ram 8gb.,180486592,MLA352001,45000.0,,ARS,1,True,active,True,False,Capital Federal,Argentina,,Sin garantía,Apple,,,,,,,Usado,,Apple TV 2,1 GB,,,,,8 GB,,30 g,,,,,,,,
MLA1443682603,MLA,Apple Tv 2ª Generaciónhd 8gb Negro Con 256mb De Memoria Ram,120708889,MLA352001,60000.0,,ARS,2,True,active,False,False,Capital Federal,Argentina,,Sin garantía,Apple,,,,,2.29 cm,,Usado,,Apple TV,256 MB,Apple TV,,,,8 GB,,,9.91 cm,,Sí,,,,,Sí
MLA1400247011,MLA, Apple Tv A1469 Estándar 3era Generación,249143664,MLA352001,62000.0,,ARS,2,True,active,True,False,Capital Federal,Argentina,,Sin garantía,Apple,,,,,23 mm,,Usado,,Apple TV,512 MB,Apple TV 5.2,,,,8 GB,,,99 mm,,Sí,,,,,Sí
MLA1847756534,MLA,Apple Tv Color Negro 3 Gen Fullhd,114374125,MLA352001,75000.0,,ARS,1,True,active,False,False,Capital Federal,Argentina,,Sin garantía,Apple,,,,,35 mm,,Usado,,Apple TV 4K,,,,,,64 GB,,,98 mm,,Sí,,,,,Sí
MLA1866210524,MLA,Apple Tv A1218 Estándar 1.ª,35040364,MLA352001,39900.0,,ARS,1,True,active,False,False,Córdoba,Argentina,,Sin garantía,Apple,,,,,28 mm,,Usado,,Apple TV,256 MB,macOS X 10.4.7,,,,160 GB,,,197 mm,,,,,,,Sí
MLA1442675727,MLA,Apple Tv 4k 64 Gb Negro Con Memoria Ram De 3 Gb A1842,1470893516,MLA352001,90000.0,,ARS,1,True,active,False,False,Capital Federal,Argentina,,Sin garantía,Apple,,,,,35 mm,,Usado,,Apple TV 4K,3 GB,,,,,64 GB,,,98 mm,,Sí,,,,,Sí
MLA1781884668,MLA, Apple Tv A1427 2.ª Generación ,70102362,MLA352001,37081.98,,ARS,1,True,active,True,False,Buenos Aires,Argentina,,Sin garantía,Apple,,,,,2.29 cm,,Usado,,Apple TV,256 MB,Apple TV,,,,8 GB,,,9.91 cm,,Sí,,,,,Sí
MLA1443460083,MLA,Apple Tv A1469 Estándar 3.ª Generación,255727029,MLA352001,45000.0,,ARS,1,True,active,True,False,Capital Federal,Argentina,,Sin garantía,Apple,,,,,23 mm,,Usado,,Apple TV,512 MB,Apple TV 5.2,,,,8 GB,,,99 mm,,Sí,,,,,Sí
MLA1145383193,MLA, Apple Tv 4.ª Generación 2017 Full Hd 64gb Casi Nuevo,481782249,MLA352001,380000.0,,ARS,1,True,active,False,True,Capital Federal,Argentina,,Sin garantía,Apple,,,,,35 mm,,Usado,,Apple TV HD,2 GB,,,,,64 GB,,,98 mm,,Sí,,,,,Sí
MLA1419331631,MLA, Apple Tv 1ª Gen Full Hd -olo Aparato - Enciende - No Envío,290356664,MLA352001,25775.2,,ARS,1,True,active,True,False,Buenos Aires,Argentina,,Sin garantía,Apple,,,,,28 mm,,Usado,,Apple TV,256 MB,macOS X 10.4.7,,,,160 GB,,,197 mm,,,,,,,Sí
MLA1794555584,MLA,Apple Tv A1427 3.ª Generación Full Hd,233083452,MLA352001,80000.0,,ARS,1,True,active,False,False,Buenos Aires,Argentina,,Sin garantía,Apple,,,,,"0.9 """,,Usado,,Apple TV,512 MB,,,,,8 GB,,,"3.9 """,,Sí,,,,,Sí
MLA1140019211,MLA,"Apple Tv, 2da Generacion",29067268,MLA352001,145000.0,,ARS,1,True,active,False,False,Buenos Aires,Argentina,3 meses,Garantía del vendedor,Apple,,,,,2.29 cm,,Usado,,Apple TV,256 MB,Apple TV,,,,8 GB,,,9.91 cm,,Sí,,,,,Sí
MLA1677887932,MLA,Apple Tv 3era Generación. Full Hd. Con Control Remoto Y Hdmi,34253391,MLA352001,55000.0,,ARS,1,True,active,False,False,Capital Federal,Argentina,,Sin garantía,Apple,,,,,23 mm,,Usado,,Apple TV,512 MB,Apple TV 5.2,,,,8 GB,,,99 mm,,Sí,,,,,Sí
MLA1422759707,MLA,Apple Tv Full Hd,186980127,MLA352001,59000.0,,ARS,1,True,active,False,False,Santa Fe,Argentina,,Sin garantía,Apple,,,,,23 mm,,Usado,,Apple TV,512 MB,Apple TV 5.2,,,,8 GB,,,99 mm,,Sí,,,,,Sí
MLA1438665381,MLA,Apple Tv A1427 3.ª Generación Full Hd 8gb Negro 512mb,98495999,MLA352001,120000.0,,ARS,1,True,active,False,False,Capital Federal,Argentina,,Sin garantía,Apple,,,,,"0.9 """,,Usado,,Apple TV,512 MB,,,,,8 GB,,,"3.9 """,,Sí,,,,,Sí
MLA1374336429,MLA, Apple Tv A1469 3.ª Gen Rev. A Full Hd 8gb  Con 512mb De Ram,12436608,MLA352001,75000.0,,ARS,2,True,active,False,True,Santa Fe,Argentina,,Sin garantía,Apple,,,,,"0.9 """,,Usado,,Apple TV,512 MB,Apple TV 5.2,,,,8 GB,,,"3.9 """,,Sí,,,,,Sí
MLA1414122791,MLA, Apple Tv A1427 Negro - 1080p Full Hd,211738,MLA352001,180000.0,,ARS,1,True,active,False,False,Buenos Aires,Argentina,,Sin garantía,Apple,,,,,"0.9 """,,Usado,,Apple TV,512 MB,,,,,8 GB,,,"3.9 """,,Sí,,,,,Sí
MLA1443250893,MLA,Apple Tv 3.ª Generación Full Hd 8gb Con 512mb De Memoria Ra,81400584,MLA352001,80000.0,,ARS,1,True,active,False,True,Santiago del Estero,Argentina,,Sin garantía,Apple,,,,,"0.9 """,,Usado,,Apple TV,512 MB,,,,,8 GB,,,"3.9 """,,Sí,,,,,Sí
MLA1426077727,MLA, Apple Tv A1469 Estándar 3.ª Generación Full Hd 8gb Negro ,84958803,MLA352001,50000.0,,ARS,1,True,active,False,False,Capital Federal,Argentina,,Sin garantía,Apple,,,,,23 mm,,Usado,,Apple TV,512 MB,Apple TV 5.2,,,,8 GB,,,99 mm,,Sí,,,,,Sí
MLA1799086010,MLA,Apple Tv A1469 Estándar 3.ª Generación Rev. A Full Hd 8gb,239551649,MLA352001,150000.0,,ARS,1,True,active,False,True,Capital Federal,Argentina,,,Apple,,,,,23 mm,,Usado,,Apple TV,512 MB,Apple TV 5.2,,,,8 GB,,,99 mm,,Sí,,,,,Sí
MLA1428080643,MLA,Apple Tv 3ra Generación,290895547,MLA352001,120000.0,,ARS,1,True,active,False,False,Buenos Aires,Argentina,,Sin garantía,Apple,,,,,"0.9 """,,Usado,,Apple TV,512 MB,Apple TV 5.2,,No,,8 GB,,,"3.9 """,,Sí,,,,,Sí
MLA1433276905,MLA,Apple Tv A1469 Estándar 3.ª Generación Excelente Estado,85057907,MLA352001,94000.0,,ARS,1,True,active,True,False,Buenos Aires,Argentina,,Sin garantía,Apple,,,,,23 mm,,Usado,,Apple TV,512 MB,Apple TV 5.2,,,,8 GB,,,99 mm,,Sí,,,,,Sí
MLA924796800,MLA,Apple Tv Modelo A1469 3ra Gen - No Enciende - No Envío - C12,290356664,MLA352001,18494.92,,ARS,1,True,active,True,False,Buenos Aires,Argentina,,Sin garantía,Apple,,,,,"0.9 """,,Usado,,Apple TV,512 MB,Apple TV 5.2,,,,8 GB,,,"3.9 """,,Sí,,,,,Sí
MLA1399520644,MLA,Apple Tv 4k 32gb A1842 Negro (usado),246369034,MLA352001,380000.0,,ARS,1,True,active,False,False,Capital Federal,Argentina,,Sin garantía,Apple,,,,,,,Usado,,a1842,,,,,,32 GB,,,,,,,,,,
MLA1111206110,MLA,Apple Tv Modelo A1469 3er Generación,5837928,MLA352001,140000.0,,ARS,1,True,active,False,True,Buenos Aires,Argentina,,Sin garantía,Apple,,,,,23 mm,,Usado,,Apple TV,512 GB,Apple TV 5.2,,,,8 GB,,,99 mm,,Sí,,,,,Sí
MLA1834300370,MLA,Apple Tv 4k 1st Gen 64 Gb Negro - Memoria Ram De 3 Gb A1842,497373373,MLA352001,219000.0,,ARS,1,True,active,False,False,Córdoba,Argentina,,Sin garantía,Apple,,,,,35 mm,,Usado,,Apple TV 4K,3 GB,,,Sí,,64 GB,,,98 mm,,Sí,,,,,Sí
MLA1863941974,MLA,Apple Tv 4k (wifi + Ethernet) A2843 Hdmi Voz 3.ª Dolby Atmos,163283969,MLA352001,429000.0,,ARS,1,True,active,False,True,Buenos Aires,Argentina,30 días,Garantía de fábrica,Apple,,,,,3.1 cm,,Usado,,Apple TV 4K (WiFi + Ethernet),,,,Sí,,128 GB,,,9.3 cm,,Sí,,,,,Sí
MLA1837941502,MLA,Apple Tv Hd A1625 4ta Generación Full Hd 32gb Remoto Siri,13051428,MLA352001,195000.0,,ARS,1,True,active,False,False,Capital Federal,Argentina,,Sin garantía,Apple,,,,,35 mm,,Usado,,Apple TV HD,2 GB,tvOS,,,,32 GB,,425 g,98 mm,,Sí,,,,,Sí
MLA1755792356,MLA, Apple Tv A1469 3.ª Generación. Perf. Estado Caja Cable Orig,12274147,MLA352001,98000.0,,ARS,1,True,active,False,False,Santa Fe,Argentina,,Sin garantía,Apple,,,,,23 mm,,Usado,,Apple TV,512 MB,Apple TV 5.2,,,,8 GB,,,99 mm,,Sí,,,,,Sí
MLA1111243533,MLA,Apple Tv 3ra Generación Modelo A1469,5837928,MLA352001,100000.0,,ARS,1,True,active,False,True,Buenos Aires,Argentina,,Sin garantía,Apple,,,,,23 mm,,Usado,,Apple TV,512 GB,Apple TV 5.2,,,,8 GB,,,99 mm,,Sí,,,,,Sí
MLA1837011658,MLA,Apple Tv A1469 3 Full Hd 1080 - 8g - Hdmi Wi-fi,167236842,MLA352001,120000.0,,ARS,1,True,active,False,False,Capital Federal,Argentina,,Sin garantía,Apple,,,,,"0.9 """,,Usado,,A1469,512 MB,,,No,,8 GB,,,"3.9 """,,Sí,,,,,Sí
MLA1741690620,MLA,Fire Tv Stick Lite Con Botones Amazon Streaming,315567563,MLA352001,66438.0,,ARS,307,True,active,False,True,Santa Fe,Argentina,6 meses,Garantía del vendedor,Amazon,Negro,,,,13 mm,,Nuevo,Amazon,Fire TV Stick Lite,1 GB,Fire OS,,Sí,,8 GB,,32 g,30 mm,,Sí,,,,,Sí
MLA1784690100,MLA,Amazon Lite Fire Tv Stick B091g4yp57 De Voz 2.ª Generación Full Hd 8gb Negro Con 1gb De Memoria Ram,210018018,MLA352001,72000.0,,ARS,104,True,active,False,True,Capital Federal,Argentina,6 meses,Garantía del vendedor,Amazon,Negro,,,,13 mm,,Nuevo,Amazon,Fire TV Stick,1 GB,Fire OS 7,,Sí,,8 GB,,44 g,30 mm,,Sí,,,,,Sí
MLA1147052683,MLA,Amazon Fire Tv Stick Lite- De Voz 2.ª Generación Full Hd Negro Con 1gb De Memoria Ram,360451883,MLA352001,89000.0,,ARS,195,True,active,False,True,Santa Fe,Argentina,1 meses,Garantía de fábrica,Amazon,Negro,,,,13 mm,,Nuevo,Amazon,Fire-TV Stick Lite,1 GB,Fire OS 7,,Sí,,8 GB,,32 g,30 mm,,Sí,,,,,Sí
MLA1166888697,MLA,Amazon Fire Tv Stick Lite 3ra Gen Con Alexa Control De Voz,119671699,MLA352001,86490.0,,ARS,160,True,active,True,True,Buenos Aires,Argentina,6 meses,Garantía de fábrica,Amazon,Negro,,,,13 mm,,Nuevo,Amazon,Fire TV Stick Lite,,Fire OS 7,,Sí,,8 GB,,32 g,30 mm,,Sí,,,,,Sí
MLA1847811404,MLA,"Amazon Fire Tv Stick 4k Streaming, Con Alexa Voice Remote Color Negro",656691895,MLA352001,127000.0,,ARS,135,True,active,True,True,Buenos Aires,Argentina,30 días,Garantía del vendedor,Amazon,Negro,,,,30 mm,,Nuevo,Amazon,Fire TV Stick 4K,1.5 GB,Fire OS 6.2.7.7,,Sí,,8 GB,,,14 mm,,Sí,,,,,Sí
MLA1123991693,MLA,Amazon Fire Tv Stick De Voz 3gen Full Hd 8gb Negro Con 1gb De Ram,579983671,MLA352001,79998.0,,ARS,283,True,active,True,True,Capital Federal,Argentina,12 meses,Garantía del vendedor,Amazon,Negro,,,,12.6 mm,,Nuevo,,Fire TV Stick,1 GB,Fire OS 7,,,,8 GB,,0.031 kg,30 mm,,Sí,,,,,Sí
MLA1565619806,MLA,Amazon Fire Tv Stick Lite Control Por Voz Alexa Fhd 1080p Color Negro Tipo De Control Remoto De Voz,621229920,MLA352001,74735.0,,ARS,296,True,active,False,True,Santa Fe,Argentina,6 meses,Garantía del vendedor,Amazon,Negro,,,,13 mm,,Nuevo,,Fire TV Stick Lite,1 GB,Fire OS,,,,8 GB,,,30 mm,,Sí,,,,,Sí
MLA1850729888,MLA,Amazon Fire Tv 4k Max 16gb Hdr Control De Voz Con Alexa Negro,360451883,MLA352001,145000.0,,ARS,24,True,active,True,True,Santa Fe,Argentina,6 meses,Garantía de fábrica,Amazon,Negro,,,,,,Nuevo,,Fire TV 4K Max,2 GB,Fire OS,,Sí,,16 GB,,,,,,,,,,Sí
MLA1393334577,MLA,Amazon Fire Tv Stick 4k De Voz 3ª Generación 4k 8gb Negro Con 1.5gb De Memoria Ram,1312428764,MLA352001,109765.0,,ARS,75,True,active,True,True,Córdoba,Argentina,6 meses,Garantía del vendedor,Amazon,Negro,,,,5 cm,,Nuevo,,Fire TV Stick 4K,1.5 GB,Fire OS,,,,8 GB,,53.6 g,8.6 cm,,Sí,,,,,Sí
MLA1400484265,MLA,Amazon Fire Tv Stick 4k De Voz 2ª Generación 4k 8gb Negro1 Con 1.5gb De Memoria Ram,1473286957,MLA352001,88900.0,,ARS,117,True,active,False,True,Capital Federal,Argentina,6 meses,Garantía del vendedor,Amazon,Negro1,,,,30 mm,,Nuevo,Amazon,Fire TV Stick 4K,1.5 GB,Fire OS 6.2.7.7,,Sí,,8 GB,,53.6 g,14 mm,,Sí,,,,,Sí
MLA1525962974,MLA,Amazon Fire Tv Stick De Voz 3ra Gen Full Hd 8gb Negro Con 1gb De Ram,235346211,MLA352001,118000.0,,ARS,13,True,active,True,True,Capital Federal,Argentina,3 meses,Garantía de fábrica,Amazon,Negro,,,,13 mm,,Nuevo,Amazon,Fire TV Stick Edición 2021,,Android,,Sí,,8 GB,,32 g,30 mm,,Sí,,,,,Sí
MLA1441602461,MLA,Amazon Fire Tv Stick 4k 2023 Wifi 6 2gb De Ram Con Alexa Color Negro,37761986,MLA352001,135999.0,,ARS,8,True,active,True,True,Córdoba,Argentina,3 meses,Garantía del vendedor,Amazon,Negro,,,,16 mm,,Nuevo,,Fire TV Stick 4K,2 GB,Fire OS,,Sí,,8 GB,,53.6 g,38 mm,,Sí,,,,,Sí
MLA1102146000,MLA,Amazon Fire Tv Stick De Voz 2.ª Generación Full Hd 8gb Negro Con 1gb De Memoria Ram,258552715,MLA352001,84999.0,,ARS,15,True,active,True,True,Buenos Aires,Argentina,,Sin garantía,Amazon,Negro,,,,12.6 mm,,Nuevo,Amazon,Fire TV Stick,1 GB,Fire OS 5,,No,,8 GB,,25 g,30 mm,,Sí,,,,,Sí
MLA1854018118,MLA,Amazon Fire Tv Stick Lite Control Voz Edición 2022 Full Hd,1473628674,MLA352001,71199.0,,ARS,37,True,active,False,True,Capital Federal,Argentina,6 meses,Garantía del vendedor,Amazon,,,,,13 mm,,Nuevo,,Fire TV Stick,1 GB,Fire OS 7,,Sí,,8 GB,,44 g,30 mm,,Sí,,,,,Sí
MLA1286463064,MLA,Amazon Fire Tv Stick Lite Hd 8gb Hdr Dolby 1080p Control Voz,167338436,MLA352001,75499.0,,ARS,179,True,active,True,True,Capital Federal,Argentina,3 meses,Garantía del vendedor,Amazon,,,,,13 mm,,Nuevo,,Fire-TV Stick Lite,1 GB,Fire OS 7,,Sí,,8 GB,,32 g,30 mm,,Sí,,,,,Sí
MLA1856299012,MLA,Amazon Fire Tv Stick 4k Comando De Voz Streaming,131846678,MLA352001,89999.0,,ARS,1234,True,active,True,True,Capital Federal,Argentina,12 meses,Garantía de fábrica,Amazon,,,,,30 mm,,Nuevo,,Fire TV Stick 4K,1.5 GB,Fire OS 6.2.7.7,,Sí,,8 GB,,53.6 g,14 mm,,Sí,,,,,Sí
MLA1369051919,MLA,Amazon Fire Tv Stick 4k De Voz 3° Gen 8gb Cargador Original!,247639927,MLA352001,129998.0,,ARS,29,True,active,False,True,Buenos Aires,Argentina,30 días,Garantía del vendedor,Amazon,,,,,30 mm,,Nuevo,,Fire TV Stick 4K,1.5 GB,Fire OS 6.2.7.7,,,,8 GB,,53.6 g,14 mm,,Sí,,,,,Sí
MLA1434880347,MLA,Amazon Fire Tv Stick Lite- De Voz 2.ª Generación Full Hd,148613909,MLA352001,84999.0,,ARS,39,True,active,False,True,Córdoba,Argentina,6 meses,Garantía del vendedor,Amazon,,,,,13 mm,,Nuevo,,Fire-TV Stick Lite,1 GB,Fire OS 7,,Sí,,8 GB,,32 g,30 mm,,Sí,,,,,Sí
MLA1149652512,MLA,Amazon Fire Tv Stick 4k Con Alexa Netflix Youtube Disney,199785787,MLA352001,91000.0,,ARS,112,True,active,False,True,Santa Fe,Argentina,6 meses,Garantía del vendedor,Amazon,,,,,30 mm,,Nuevo,,Fire TV Stick 4K,1.5 GB,Fire OS 6.2.7.7,,Sí,,8 GB,,,14 mm,,Sí,,,,,Sí
MLA1403568339,MLA,Amazon Fire Tv Stick 4k De Voz 3.ª 4k 8gb Negro 1.5gb Ram,148613909,MLA352001,104999.0,,ARS,70,True,active,False,True,Córdoba,Argentina,6 meses,Garantía del vendedor,Amazon,,,,,5 cm,,Nuevo,,Fire TV Stick 4K,1.5 GB,Fire OS,,,,8 GB,,53.6 g,8.6 cm,,Sí,,,,,Sí
MLA1275869904,MLA,Amazon Fire Tv Stick Lite De Voz Full Hd 8gb + Fuente 220v!,119671699,MLA352001,75490.0,,ARS,160,True,active,True,True,Buenos Aires,Argentina,6 meses,Garantía de fábrica,Amazon,,,,,13 mm,,Nuevo,,Fire TV Stick Lite,1 GB,Fire OS 7,,Sí,,8 GB,,32 g,30 mm,,Sí,,,,,Sí
MLA1286552519,MLA,Amazon Fire Tv Stick Lite Hd 8gb Hdr Control Voz Dolby 1080p,167338436,MLA352001,90499.0,,ARS,46,True,active,True,True,Capital Federal,Argentina,3 meses,Garantía del vendedor,Amazon,,,,,13 mm,,Nuevo,,Fire TV Stick Lite,1 GB,Fire OS 7,,Sí,,8 GB,,32 g,30 mm,,Sí,,,,,Sí
MLA1868644730,MLA,Amazon Fire Tv Stick 4k De Voz 3ª Generación 4k 8gb Negro Co,64081801,MLA352001,169000.0,,ARS,7,True,active,True,True,Capital Federal,Argentina,6 meses,Garantía de fábrica,Amazon,,,,,5 cm,,Nuevo,,Fire TV Stick 4K,1.5 GB,Fire OS,,Sí,,8 GB,,53.6 g,8.6 cm,,Sí,,,,,Sí
MLA1364216697,MLA,Amazon Fire Tv Stick Lite Full Hd 8gb 1gb Ram Streaming,541665065,MLA352001,75399.0,,ARS,110,True,active,False,True,Capital Federal,Argentina,6 meses,Garantía del vendedor,Amazon,,,,,13 mm,,Nuevo,,Fire TV Stick Lite,1 GB,Fire OS 7,,Sí,,8 GB,,32 g,30 mm,,Sí,,,,,Sí
MLA1440621335,MLA,Amazon Fire Tv Stick 4k Ultra Hd Hdr Wifi 6 Version 2023,167338436,MLA352001,135999.0,,ARS,5,True,active,True,True,Capital Federal,Argentina,3 meses,Garantía del vendedor,Amazon,,,,,16 mm,,Nuevo,,Fire TV Stick 4K,2 GB,Fire OS,,Sí,,8 GB,,53.6 g,38 mm,,Sí,,,,,Sí
MLA1434732098,MLA,Amazon Fire Tv Stick 3ra Gen 2021 Streaming Alexa Control ,541665065,MLA352001,82199.0,,ARS,11,True,active,False,True,Capital Federal,Argentina,6 meses,Garantía del vendedor,Amazon,,,,,13 mm,,Nuevo,,Fire TV Stick Edición 2021,1 GB,Fire OS 7,,Sí,,8 GB,,32 g,30 mm,,Sí,,,,,Sí
MLA1811000330,MLA,Amazon Lite Fire Tv Stick B091g4yp57 De Voz 2.ª Full Hd 8gb,209752538,MLA352001,85999.0,,ARS,6,True,active,True,True,Capital Federal,Argentina,3 meses,Garantía del vendedor,Amazon,,,,,13 mm,,Nuevo,,Fire TV Stick,1 GB,Fire OS 7,,Sí,,8 GB,,44 g,30 mm,,Sí,,,,,Sí
MLA1869562272,MLA,Amazon Fire Tv Stick 4k Ultra Hd Hdr Wifi 6 Version 2023,167338436,MLA352001,109989.0,,ARS,9,True,active,True,True,Capital Federal,Argentina,3 meses,Garantía del vendedor,Amazon,,,,,16 mm,,Nuevo,,Fire TV Stick 4K,2 GB,Fire OS,,Sí,,8 GB,,53.6 g,38 mm,,Sí,,,,,Sí
MLA1440239591,MLA,Fire Tv Stick Convertidor Amazon Smart Netflix Streaming Hd,360125356,MLA352001,117749.0,,ARS,4,True,active,True,True,Capital Federal,Argentina,30 días,Garantía del vendedor,Amazon,,,,,13 mm,,Nuevo,,Fire TV Stick,1 GB,Fire OS,,,,8 GB,,32 g,30 mm,,Sí,,,,,Sí
MLA1359581075,MLA,Amazon Fire Tv Stick Lite Hd 8gb Hdr Dolby 1080p Control Voz,37761986,MLA352001,75499.0,,ARS,32,True,active,True,True,Córdoba,Argentina,3 meses,Garantía del vendedor,Amazon,,,,,13 mm,,Nuevo,,Fire TV Stick Lite,1 GB,Fire OS 7,,Sí,,8 GB,,32 g,30 mm,,Sí,,,,,Sí
MLA874503353,MLA,Amazon Fire Tv Stick 4k De Voz 4k 8gb Negro Con Memoria Ram,96270679,MLA352001,102409.0,,ARS,214,True,active,False,True,Capital Federal,Argentina,6 meses,Garantía del vendedor,Amazon,,,,,,,Nuevo,,Fire TV Stick 4K,1.5 GB,Fire OS 6.2.5.8,,,,8 GB,,,,,Sí,,,,,Sí
MLA1441654143,MLA,Amazon Fire Tv Stick 4k 2023 Wifi 6 2gb De Ram Con Alexa,37761986,MLA352001,109989.0,,ARS,7,True,active,True,True,Córdoba,Argentina,3 meses,Garantía del vendedor,Amazon,,,,,16 mm,,Nuevo,,Fire TV Stick 4K,2 GB,Fire OS,,Sí,,8 GB,,53.6 g,38 mm,,Sí,,,,,Sí
MLA1439674225,MLA,Amazon Fire Tv Stick 4k Ultra Hd Max 16gb Wi-fi 6e Color Negro Tipo De Control Remoto Estándar,1700544857,MLA352001,172488.5,,ARS,4,True,active,False,True,Buenos Aires,Argentina,,Sin garantía,Amazon,Negro,,,,30 mm,,Nuevo,,Fire TV Stick 4K Max,2 GB,Fire OS,,,,16 GB,,53.6 g,14 mm,,Sí,,,,,Sí
MLA1827538572,MLA,Amazon Fire Tv Stick De Voz 3.ª Generación Full Hd 8gb Negro,1312428764,MLA352001,94502.0,,ARS,9,True,active,True,True,Córdoba,Argentina,3 meses,Garantía del vendedor,Amazon,,,,,12.6 mm,,Nuevo,,Fire TV Stick,1 GB,Fire OS 7,,,,8 GB,,0.031 kg,30 mm,,Sí,,,,,Sí
MLA1442607663,MLA,Amazon Fire Tv Stick 3ra Hd Alexa Voice Remote Original,606361286,MLA352001,104865.0,,ARS,2,True,active,False,True,Mendoza,Argentina,1 años,Garantía de fábrica,Amazon,Negro,,,,,,Nuevo,,Fire TV Stick,1 GB,Fire OS 7,,,,8 GB,,,,,Sí,,,,,Sí
MLA1827551374,MLA,Amazon Fire Tv Stick De Voz 3.ª Generación Full Hd 8gb Negro,1312428764,MLA352001,104865.0,,ARS,7,True,active,True,True,Córdoba,Argentina,3 meses,Garantía del vendedor,Amazon,,,,,12.6 mm,,Nuevo,,Fire TV Stick,1 GB,Fire OS 7,,,,8 GB,,0.031 kg,30 mm,,Sí,,,,,Sí
MLA1441306967,MLA,Amazon Convertidor Fire Tv Stick Lite Alexa Voice Smart Tv,815964052,MLA352001,117699.0,,ARS,3,True,active,True,True,Capital Federal,Argentina,30 días,Garantía del vendedor,Amazon,,,,,13 mm,,Nuevo,Amazon,Fire TV Stick,1 GB,Fire OS,,,,8 GB,,32 g,30 mm,,Sí,,,,,Sí
MLA1862947782,MLA,"Amazon Fire Tv Stick 4k Streaming, Con Alexa Voice Remote",1700544857,MLA352001,122935.0,,ARS,5,True,active,False,True,Buenos Aires,Argentina,,Sin garantía,Amazon,,,,,30 mm,,Nuevo,,Fire TV Stick 4K,1.5 GB,Fire OS 6.2.7.7,,Sí,,8 GB,,,14 mm,,Sí,,,,,Sí
MLA1396000791,MLA,Amazon Fire Tv Stick 3ra Hd Alexa Voice Remote Original,1312428764,MLA352001,94502.0,,ARS,15,True,active,True,True,Córdoba,Argentina,6 meses,Garantía del vendedor,Amazon,,,,,,,Nuevo,,Fire TV Stick,1 GB,Fire OS 7,,,,8 GB,,,,,Sí,,,,,Sí
MLA1143409979,MLA,Amazon Fire Tv Stick Lite Full Hd Control Voz Smart Tv Hdmi,45059170,MLA352001,93499.0,,ARS,40,True,active,True,True,Buenos Aires,Argentina,6 meses,Garantía del vendedor,Amazon,,,,,13 mm,,Nuevo,,Fire TV Stick Lite,1 GB,Fire OS 7,,Sí,,8 GB,,32 g,30 mm,,Sí,,,,,Sí
MLA1881814332,MLA,"Amazon Fire Tv Stick Simplifica Tu Experiencia Televisiva Fire Tv Stick Fire Tv Stick De Tercera Generación, Tercera Generación, Tercera Generación, Voz Hd Voice, 8 Gb, Negro Con 2 Gb De Ram",1513101330,MLA352001,104500.0,,ARS,1,True,active,False,True,Capital Federal,Argentina,,Sin garantía,Amazon,Negro,,,,,,Nuevo,,Fire TV Stick,2 GB,Android,,,,8 GB,,,,,Sí,,,,,Sí
MLA1412833394,MLA,Amazon Fire Tv Stick 4k Last Version Cargador Orig. + Cuot.s,247639927,MLA352001,190397.76,,ARS,10,True,active,False,True,Buenos Aires,Argentina,3 meses,Garantía del vendedor,Amazon,,,,,30 mm,,Nuevo,,Fire TV Stick 4K,1.5 GB,Fire OS 6.2.7.7,,,,8 GB,,53.6 g,14 mm,,Sí,,,,,Sí
MLA1813187988,MLA,Amazon Lite Fire Tv Stick  2.ª Generación Hd 8gb 1gb Ram,1513101330,MLA352001,75000.0,,ARS,5,True,active,False,True,Capital Federal,Argentina,,Sin garantía,Amazon,,,,,13 mm,,Nuevo,,Fire TV Stick,1 GB,Fire OS 7,,Sí,,8 GB,,44 g,30 mm,,Sí,,,,,Sí
MLA1853940690,MLA,Amazon Fire Tv Stick 3ra Gen Alexa Control 2021 Streaming,1473628674,MLA352001,82199.0,,ARS,7,True,active,False,True,Capital Federal,Argentina,6 meses,Garantía del vendedor,Amazon,,,,,13 mm,,Nuevo,,Fire TV Stick Edición 2021,,Android,,Sí,,8 GB,,32 g,30 mm,,Sí,,,,,Sí
MLA1885593708,MLA,Amazon Fire Tv Stick De Voz 3gen Full Hd 8gb Negro Con 1gb D,222105390,MLA352001,82000.0,,ARS,1,True,active,False,True,Capital Federal,Argentina,,Sin garantía,Amazon,,,,,12.6 mm,,Nuevo,,Fire TV Stick,1 GB,Fire OS 7,,,,8 GB,,0.031 kg,30 mm,,Sí,,,,,Sí
MLA1438372841,MLA,"Firetv Stick 3 Lite Full Hd Con Control Remoto De Alexa Lite, Color Negro, Tipo Control Remoto Por Voz",245720805,MLA352001,88782.0,,ARS,3,True,active,True,True,Córdoba,Argentina,30 días,Garantía del vendedor,Amazon,Negro,,,,13 mm,,Nuevo,,Fire TV Stick Lite,1 GB,Fire OS 7,,,,8 GB,,,30 mm,,Sí,,,,,Sí
MLA1885190516,MLA,Amazon Fire Tv Stick 4k 2023 Wifi 6 2gb Ram Alexa Negro,279239042,MLA352001,110000.0,,ARS,2,True,active,False,True,Buenos Aires,Argentina,,Sin garantía,Amazon,,,,,16 mm,,Nuevo,,Fire TV Stick 4K,2 GB,Fire OS,,Sí,,8 GB,,53.6 g,38 mm,,Sí,,,,,Sí
MLA1117800874,MLA,Amazon Fire Tv Stick Lite Alexa Voice Conversor Smart Tv Hdm,77842811,MLA352001,86992.0,,ARS,6,True,active,False,True,Santa Fe,Argentina,,,Amazon,,,,,13 mm,,Nuevo,,Tv Stick Lite,1 GB,Fire OS,,Sí,,8 GB,,32 g,30 mm,,Sí,,,,,Sí
MLA1439908844,MLA,Amazon Fire Tv Stick 3ra Gen Full Hd Youtube Netflix Disney,250121682,MLA352001,79998.0,,ARS,10,True,active,True,True,Capital Federal,Argentina,6 meses,Garantía del vendedor,Amazon,,,,,12.6 mm,,Nuevo,,Fire TV Stick,1 GB,Fire OS 7,,,,8 GB,,,30 mm,,Sí,,,,,Sí
MLA1143429135,MLA,Amazon Fire Tv Stick Lite Full Hd Control Por Voz Smart + ,45059170,MLA352001,131999.0,,ARS,20,True,active,True,True,Buenos Aires,Argentina,6 meses,Garantía del vendedor,Amazon,,,,,13 mm,,Nuevo,,Fire TV Stick Lite,1 GB,Fire OS 7,,Sí,,8 GB,,32 g,30 mm,,Sí,,,,,Sí
MLA1434031785,MLA,Chromecast Google Ga03131 Tv Hd 8gb 2gb Ram 60 Fps Wifi Bluetooth Hdmi 4ta Gen Blanco,621229920,MLA352001,100485,,ARS,280,True,active,False,True,Santa Fe,Argentina,3 meses,Garantía del vendedor,Google,Blanco,,,,12.5 mm,,Nuevo,Google,GA03131,2 GB,Android TV,,Sí,,8 GB,,0.063 kg,61 mm,,Sí,,,,,Sí
MLA1425375959,MLA,Chromecast Google Tv Hd 8gb 2gb Ram 60 Fps Wifi Bluetooth Hd,148613909,MLA352001,106999,,ARS,364,True,active,False,True,Córdoba,Argentina,6 meses,Garantía del vendedor,Google,,,,,12.5 mm,,Nuevo,,GA03131,2 GB,Android TV,,Sí,,8 GB,,0.063 kg,61 mm,,Sí,,,,,Sí
